item_type_id;item_category_id;item_type_name;item_type_expired_time;item_package_status;item_unit_1;item_quantity_default_1;item_weight_1;item_unit_2;item_quantity_default_2;item_weight_2;item_unit_3;item_quantity_default_3;item_weight_3;purchase_account_id;purchase_return_account_id;purchase_discount_account_id;sales_account_id;sales_return_account_id;sales_discount_account_id;inv_account_id;inv_return_account_id;inv_discount_account_id;hpp_account_id;hpp_amount;data_state;created_id;created_at;updated_at
1;1;1 MPA PSI              ( BU LUSI );0;0;;;;;;;;;;0;0;0;0;0;0;0;0;0;0;0;0;0;06/12/2024;
2;1;12PC DOUBLE OPEN END WRENCH SET ( GAAA1206 );0;0;;;;;;;;;;0;0;0;0;0;0;0;0;0;0;0;0;0;06/12/2024;
3;1;2.5 MPA PSI              ( BU LUSI );0;0;;;;;;;;;;0;0;0;0;0;0;0;0;0;0;0;0;0;06/12/2024;
4;1;3M 4100 SUPER POLISH;0;0;;;;;;;;;;0;0;0;0;0;0;0;0;0;0;0;0;0;06/12/2024;
5;1;3M 5100 MERAH;0;0;;;;;;;;;;0;0;0;0;0;0;0;0;0;0;0;0;0;06/12/2024;
6;1;AFN77675988 ( KARET MEMBRAN REGULATOR NEPPLE ) COUPLING PIPA                KARET MEMBRAN REGULATOR NEPPLE (COUPLING CPL W-PVC/SST FOR NIPPLE PIPE-22 LAYING/FLOOR);0;0;;;;;;;;;;0;0;0;0;0;0;0;0;0;0;0;0;0;06/12/2024;
7;1;AIR COUPLING NRV 90605-4426                                AIR COUPLING NRV 90605-4426;0;0;;;;;;;;;;0;0;0;0;0;0;0;0;0;0;0;0;0;06/12/2024;
8;1;"ALVA LAVAL LKLA-T NC 8MM 25-63,5";0;0;;;;;;;;;;0;0;0;0;0;0;0;0;0;0;0;0;0;06/12/2024;
9;1;ALVA LAVAL SERVICE KIT CPMI-2/CPMO-2                  SERVICE KIT ALFALAVAL CPMO-2;0;0;;;;;;;;;;0;0;0;0;0;0;0;0;0;0;0;0;0;06/12/2024;
10;1;ALVA LAVAL SERVICE KIT EPDM SRC/SMO C/O 51/NW50   SEAL KIT ALVALAVAL ISO 51/TO;0;0;;;;;;;;;;0;0;0;0;0;0;0;0;0;0;0;0;0;06/12/2024;
11;1;ALVA LAVAL SERVICE KIT EPDM UNIQUE 51-DN50 PLUG SET-UP 12;0;0;;;;;;;;;;0;0;0;0;0;0;0;0;0;0;0;0;0;06/12/2024;
12;1;AMETEK ITALIA 230-50/60 CL.155                  MOTOR VACCUM CLEANER TYPE 1 STAGE THERMOPROTECTED MERK ECOSPITAL;0;0;;;;;;;;;;0;0;0;0;0;0;0;0;0;0;0;0;0;06/12/2024;
13;1;ANDERSON NEGELE PANJANG NVS-143/500/M/X/XI;0;0;;;;;;;;;;0;0;0;0;0;0;0;0;0;0;0;0;0;06/12/2024;
14;1;ANDERSON-NEGELE NCS-L-11/50/PNP/M12            LEVEL SENSOR NEGELE NCS-L-11/PNP;0;0;;;;;;;;;;0;0;0;0;0;0;0;0;0;0;0;0;0;06/12/2024;
15;1;ANGLE SEAT DN40 PN25 L4408;0;0;;;;;;;;;;0;0;0;0;0;0;0;0;0;0;0;0;0;06/12/2024;
16;1;ANGLE SEAT GLOBE VALVE DN40 GEMU    ANGLE SEAT GLOBE VALVE DN40 GEMU;0;0;;;;;;;;;;0;0;0;0;0;0;0;0;0;0;0;0;0;06/12/2024;
17;1;ANGLE VALVE BURKERT 1415  ( BURKERT ANGLE SEAT VALVE "W71MA" DN40 )            BURKERT ANGLE SEAT VALVE "W71MA" DN40;0;0;;;;;;;;;;0;0;0;0;0;0;0;0;0;0;0;0;0;06/12/2024;
18;1;ARITA 107 CF8 1.5 BUTTERFLY VALVE CI CF8 SS410 CONNECTION UNIVERSAL FLANGE;0;0;;;;;;;;;;0;0;0;0;0;0;0;0;0;0;0;0;0;06/12/2024;
19;1;ARMATHEM PRESSURE GAUGE EN837-1;0;0;;;;;;;;;;0;0;0;0;0;0;0;0;0;0;0;0;0;06/12/2024;
20;1;ARMATHERM 100MM 1/2" NPT;0;0;;;;;;;;;;0;0;0;0;0;0;0;0;0;0;0;0;0;06/12/2024;
21;1;ARMATHERM 63MM 1/4" NPT;0;0;;;;;;;;;;0;0;0;0;0;0;0;0;0;0;0;0;0;06/12/2024;
22;1;"ARMATHERM VGA-121-76GM VACUUM GAUGE 2,5IN     ARMATHERM VGA-121-76GM VACUUM GAUGE 2,5IN";0;0;;;;;;;;;;0;0;0;0;0;0;0;0;0;0;0;0;0;06/12/2024;
23;1;ARV DN65 CF8 025;0;0;;;;;;;;;;0;0;0;0;0;0;0;0;0;0;0;0;0;06/12/2024;
24;1;AT-70 (KERUCUT BESI);0;0;;;;;;;;;;0;0;0;0;0;0;0;0;0;0;0;0;0;06/12/2024;
25;1;AVENTICS 0820 055 502             UNI VALVE 5/2 80106167      atau       BI VALVE 5/2 80106168;0;0;;;;;;;;;;0;0;0;0;0;0;0;0;0;0;0;0;0;06/12/2024;
26;1;AVENTICS MNR : R414002401 ECOLEAN     ECOLEAN E/P PRESSURE REGULATOR 80106-162;0;0;;;;;;;;;;0;0;0;0;0;0;0;0;0;0;0;0;0;06/12/2024;
27;1;AVENTICS REXROTH 0820 055 052                                           UNI VALVE 5/2 80106167      atau       BI VALVE 5/2 80106168;0;0;;;;;;;;;;0;0;0;0;0;0;0;0;0;0;0;0;0;06/12/2024;
28;1;BALL KEY WRENCH SET TOPTUL 9PCS LONG ( GAAL0916 );0;0;;;;;;;;;;0;0;0;0;0;0;0;0;0;0;0;0;0;06/12/2024;
29;1;BALL VALVE 1/2";0;0;;;;;;;;;;0;0;0;0;0;0;0;0;0;0;0;0;0;06/12/2024;
30;1;BALL VALVE 3/4";0;0;;;;;;;;;;0;0;0;0;0;0;0;0;0;0;0;0;0;06/12/2024;
31;1;BALL VALVE SANKYO 2IN          BALL VALVE SANKYO 2IN;0;0;;;;;;;;;;0;0;0;0;0;0;0;0;0;0;0;0;0;06/12/2024;
32;1;BAUT BESAR;0;0;;;;;;;;;;0;0;0;0;0;0;0;0;0;0;0;0;0;06/12/2024;
33;1;BELT FASTENERS CLIPPER 12-12"/300MM STRIPES G005A-SS-300W           STEEL BELT LACING 35N SUS304 100X1200MM;0;0;;;;;;;;;;0;0;0;0;0;0;0;0;0;0;0;0;0;06/12/2024;
34;1;BENANG JAHIT UNICORN 20/6 BIRU            BENANG JAHIT UNICORN 20/6 BIRU;0;0;;;;;;;;;;0;0;0;0;0;0;0;0;0;0;0;0;0;06/12/2024;
35;1;BESI L BERBAGAI UKURAN 4 TOPTUL SNCM+V;0;0;;;;;;;;;;0;0;0;0;0;0;0;0;0;0;0;0;0;06/12/2024;
36;1;BESI LONJONG;0;0;;;;;;;;;;0;0;0;0;0;0;0;0;0;0;0;0;0;06/12/2024;
37;1;BOLA KECIL ORANGE;0;0;;;;;;;;;;0;0;0;0;0;0;0;0;0;0;0;0;0;06/12/2024;
38;1;BORGOL BESAR CLAMP;0;0;;;;;;;;;;0;0;0;0;0;0;0;0;0;0;0;0;0;06/12/2024;
39;1;BORGOL KECIL CLAMP;0;0;;;;;;;;;;0;0;0;0;0;0;0;0;0;0;0;0;0;06/12/2024;
40;1;BOX PANEL OPTIONAL UK 30X20X15                         BOX PANEL OPTIONAL UK 30X20X15;0;0;;;;;;;;;;0;0;0;0;0;0;0;0;0;0;0;0;0;06/12/2024;
41;1;BRACKET PNEUMATIC AL #32X32X44;0;0;;;;;;;;;;0;0;0;0;0;0;0;0;0;0;0;0;0;06/12/2024;
42;1;BRIDGESTON SELANG BLENDER DOUBLE 1/4IN                                     BRIDGESTON SELANG BLENDER DOUBLE 1/4IN;0;0;;;;;;;;;;0;0;0;0;0;0;0;0;0;0;0;0;0;06/12/2024;
43;1;BULB HID MHE-150 E27 KRIS 150W 4000K (LAMPU);0;0;;;;;;;;;;0;0;0;0;0;0;0;0;0;0;0;0;0;06/12/2024;
44;1;BURKERT;0;0;;;;;;;;;;0;0;0;0;0;0;0;0;0;0;0;0;0;06/12/2024;
45;1;BURKET 2000 B 25.0 PTFE VA DN25 PN16;0;0;;;;;;;;;;0;0;0;0;0;0;0;0;0;0;0;0;0;06/12/2024;
46;1;BURKET FLOW 2000 A 20.0 PTFE VA 316L DN20 PN25;0;0;;;;;;;;;;0;0;0;0;0;0;0;0;0;0;0;0;0;06/12/2024;
47;1;BURKET FLOW 2000 B 15.0 PTFE VA 316L DN15 PN25;0;0;;;;;;;;;;0;0;0;0;0;0;0;0;0;0;0;0;0;06/12/2024;
48;1;BURKET FLUID CONTROL SYSTEMS DN 10;0;0;;;;;;;;;;0;0;0;0;0;0;0;0;0;0;0;0;0;06/12/2024;
49;1;BY5 PROD - FOAMER CUCI PRODUK SNOW WASH         FOAMER CUCI PRODUK/MOBILE FOAMER;0;0;;;;;;;;;;0;0;0;0;0;0;0;0;0;0;0;0;0;06/12/2024;
50;1;BY-5/THERMOCOUPLE RETORT 8CD      THERMOCOUPLE RETORT 8CD;0;0;;;;;;;;;;0;0;0;0;0;0;0;0;0;0;0;0;0;06/12/2024;
51;1;CAMOZZI M004-R00 + PRESSURE GAUGE          CAMOZZI M004-R00 + PRESSURE GAUGE;0;0;;;;;;;;;;0;0;0;0;0;0;0;0;0;0;0;0;0;06/12/2024;
52;1;CAMOZZI MC238-L00 16 BAR 50°C;0;0;;;;;;;;;;0;0;0;0;0;0;0;0;0;0;0;0;0;06/12/2024;
53;1;CAR SIC VIT HJ92N-55+60 MECH SEAL        MECH SEAL EAGLE BRUGGMAN 0211 HJ92N/55-G;0;0;;;;;;;;;;0;0;0;0;0;0;0;0;0;0;0;0;0;06/12/2024;
54;1;CARBON BRUSHES HITACHI 999-021          HITACHI CARBON BRUSH 4INCH;0;0;;;;;;;;;;0;0;0;0;0;0;0;0;0;0;0;0;0;06/12/2024;
55;1;CAREL IR33W7LR20 ELECTRONIC CONTROLLER                                                                                                 CAREL IR33W7LR20 ELECTRONIC CONTROLLER;0;0;;;;;;;;;;0;0;0;0;0;0;0;0;0;0;0;0;0;06/12/2024;
56;1;CARTUCCIA (FILTER) HEPA 220X180X170 CISF H 1307708;0;0;;;;;;;;;;0;0;0;0;0;0;0;0;0;0;0;0;0;06/12/2024;
57;1;CHAIN WRENCH 30-160MM ( JJAH0901 );0;0;;;;;;;;;;0;0;0;0;0;0;0;0;0;0;0;0;0;06/12/2024;
58;1;CLAM (BORGOL);0;0;;;;;;;;;;0;0;0;0;0;0;0;0;0;0;0;0;0;06/12/2024;
59;1;CONNECTING FERRULE 3" RANGE 0-1 MPA 4IN ( PRESSURE GAUGE 4IN 0-1 MPA ) TOKPED  CONNECTING FERRULE 3" RANGE 0-1 MPA 4IN;0;0;;;;;;;;;;0;0;0;0;0;0;0;0;0;0;0;0;0;06/12/2024;
60;1;COPELAND COMPRESSOR ZR144KC TFD 52E           COPELAND COMPRESSOR AC ZR144KC-TFD 52 E 12PK;0;0;;;;;;;;;;0;0;0;0;0;0;0;0;0;0;0;0;0;06/12/2024;
61;1;CURRENT TRANSFORMER 75/5A SCHNEIDER   CURRENT TRANSFORMER 75/5A SCHNEIDER;0;0;;;;;;;;;;0;0;0;0;0;0;0;0;0;0;0;0;0;06/12/2024;
62;1;CURTAIN ACCESSORIES-BRACKETS 200MM ( XRSSC-200 )              CURTAIN ACCESSORIES-BRACKETS 200MM ( XRSSC-200 );0;0;;;;;;;;;;0;0;0;0;0;0;0;0;0;0;0;0;0;06/12/2024;
63;1;CURTAIN ACCESSORIES-BRACKETS 300MM ( XRSSC-300 )      CURTAIN ACCESSORIES-BRACKETS 300MM ( XRSSC-300 );0;0;;;;;;;;;;0;0;0;0;0;0;0;0;0;0;0;0;0;06/12/2024;
64;1;CURVED JAW LOCKING PLIER WITH WIRE CUTTER 10IN ( DAAQ2B10 );0;0;;;;;;;;;;0;0;0;0;0;0;0;0;0;0;0;0;0;06/12/2024;
65;1;CURVED JAW LOCKING PLIER WITH WIRE CUTTER 5IN ( DAAQ1A05 );0;0;;;;;;;;;;0;0;0;0;0;0;0;0;0;0;0;0;0;06/12/2024;
66;1;CURVED JAW LOCKING PLIER WITH WIRE CUTTER 7IN ( DAAQ1A07 );0;0;;;;;;;;;;0;0;0;0;0;0;0;0;0;0;0;0;0;06/12/2024;
67;1;CYCLO DRIVE GENUINE PARTS KOYO GSRM0303;0;0;;;;;;;;;;0;0;0;0;0;0;0;0;0;0;0;0;0;06/12/2024;
68;1;CYLINDER 8202326 ( FESTO DSNU-16 )           CYLINDER 8202326 ( FESTO DSNU-16 );0;0;;;;;;;;;;0;0;0;0;0;0;0;0;0;0;0;0;0;06/12/2024;
69;1;DAB PRESSURE SWITCH POMPA 250W             DAB PRESSURE SWITCH POMPA 250W;0;0;;;;;;;;;;0;0;0;0;0;0;0;0;0;0;0;0;0;06/12/2024;
70;1;DANFOSS COIL SOLENOID VALVE 018F6801 220/230V 50HZ 12W     DANFOSS COIL SOLENOID VALVE 018F6801;0;0;;;;;;;;;;0;0;0;0;0;0;0;0;0;0;0;0;0;06/12/2024;
71;1;DANFOSS PRESSURE SWITCH KP-15          DANFOSS PRESSURE SWITCH KP-15;0;0;;;;;;;;;;0;0;0;0;0;0;0;0;0;0;0;0;0;06/12/2024;
72;1;DATA LOGGER LIGHT PANASONIC     DATA LOGGER LIGHT PANASONIC;0;0;;;;;;;;;;0;0;0;0;0;0;0;0;0;0;0;0;0;06/12/2024;
73;1;DATALOGGER ECOGRAPH T RSG35 (E+5)                                                                      DATALOGGER ECOGRAPH T RSG35 (E+5);0;0;;;;;;;;;;0;0;0;0;0;0;0;0;0;0;0;0;0;06/12/2024;
74;1;DC-MICROAMPERE SANWA                DC-MICROAMPERE SANWA  ;0;0;;;;;;;;;;0;0;0;0;0;0;0;0;0;0;0;0;0;06/12/2024;
75;1;DIAMOND BRAND RANTAI PLASTIK 9MM KUNING         DIAMOND BRAND RANTAI PLASTIK 9MM KUNING;0;0;;;;;;;;;;0;0;0;0;0;0;0;0;0;0;0;0;0;06/12/2024;
76;1;DIAPHRAGM L3220/L3250 ( KARET MEMBRAN REGULATOR NEPPLE ) BULAT            KARET MEMBRAN REGULATOR NEPPLE / KARET MEMBRAN 17X0.1CM FABRIKASI;0;0;;;;;;;;;;0;0;0;0;0;0;0;0;0;0;0;0;0;06/12/2024;
77;1;DISPLAY KWH METER                                            DISPLAY KWH METER;0;0;;;;;;;;;;0;0;0;0;0;0;0;0;0;0;0;0;0;06/12/2024;
78;1;DN 40 PN 25 316L;0;0;;;;;;;;;;0;0;0;0;0;0;0;0;0;0;0;0;0;06/12/2024;
79;1;DN 40 PN 25 SNS;0;0;;;;;;;;;;0;0;0;0;0;0;0;0;0;0;0;0;0;06/12/2024;
80;1;DOSING PUMP BPH-DLB 30B            DOSING PUMP PRISTALTIC 12VDC 300MA;0;0;;;;;;;;;;0;0;0;0;0;0;0;0;0;0;0;0;0;06/12/2024;
81;1;DRUCK-UND TEMPERATUR MESSTECHNIK WIKA 150 PSI 1/2" NPT & 1/2 NPT;0;0;;;;;;;;;;0;0;0;0;0;0;0;0;0;0;0;0;0;06/12/2024;
82;1;DRY VACUUM CLEANERS 1PC 100 MAX4;0;0;;;;;;;;;;0;0;0;0;0;0;0;0;0;0;0;0;0;06/12/2024;
83;1;DUDUKAN / MEMBRAN                    Gabungan pressure gauge kecil;0;0;;;;;;;;;;0;0;0;0;0;0;0;0;0;0;0;0;0;06/12/2024;
84;1;DUNGS AIR PRESSURE SWITCH LGW10 A2 P       DUNGS AIR PRESSURE SWITCH LGW10 A2 P;0;0;;;;;;;;;;0;0;0;0;0;0;0;0;0;0;0;0;0;06/12/2024;
85;1;ECOLEAN SAFETY RELAY 60506-003              ECOLEAN SAFETY RELAY 60506-003;0;0;;;;;;;;;;0;0;0;0;0;0;0;0;0;0;0;0;0;06/12/2024;
86;1;ECOLEAN STERILE FILTER 80084-009                     ECOLEAN STERILE FILTER 80084-009;0;0;;;;;;;;;;0;0;0;0;0;0;0;0;0;0;0;0;0;06/12/2024;
87;1;ELECTRICIAN SCREWDRIVER TEKIRO SET @7PCS       ELECTRICIAN SCREWDRIVER TEKIRO SET @7PCS;0;0;;;;;;;;;;0;0;0;0;0;0;0;0;0;0;0;0;0;06/12/2024;
88;1;ELECTRONIK TRANSFORMER ET-60VA KRISLITE ;0;0;;;;;;;;;;0;0;0;0;0;0;0;0;0;0;0;0;0;06/12/2024;
89;1;ELEMENT HEATER CONHEAT ACHT 100WATT 220 VAC                ELEMENT HEATER CONHEAT ACHT 100WATT 220 VAC;0;0;;;;;;;;;;0;0;0;0;0;0;0;0;0;0;0;0;0;06/12/2024;
90;1;EMERSON EK305 LIQUID LINE FILTER DRYER      EMERSON EK305 LIQUID LINE FILTER DRYER;0;0;;;;;;;;;;0;0;0;0;0;0;0;0;0;0;0;0;0;06/12/2024;
91;1;ENGINE WASH GUN                                 ENGINE WASH GUN;0;0;;;;;;;;;;0;0;0;0;0;0;0;0;0;0;0;0;0;06/12/2024;
92;1;E-T-A ROCKER POWER SWITCH 3120-F551-P7T1 W02D 16A FOR KARCHER JET CLEANER                   E-T-A ROCKER POWER SWITCH 3120-F551-P7T1 W02D 16A FOR KARCHER JET CLEANER;0;0;;;;;;;;;;0;0;0;0;0;0;0;0;0;0;0;0;0;06/12/2024;
93;1;EXTERNAL SNAPRING PLIER TEKIRO PL-SR0779 9IN         EXTERNAL SNAPRING PLIER TEKIRO PL-SR0779 9IN;0;0;;;;;;;;;;0;0;0;0;0;0;0;0;0;0;0;0;0;06/12/2024;
94;1;EYES WASH U/ TPS B3                         EYES WASH U/ TPS B3;0;0;;;;;;;;;;0;0;0;0;0;0;0;0;0;0;0;0;0;06/12/2024;
95;1;FESTO ELECTRONIC (KABEL);0;0;;;;;;;;;;0;0;0;0;0;0;0;0;0;0;0;0;0;06/12/2024;
96;1;FILTER 6PC PNJNG 1PC PNDEK            HEPA CATRIDGE IN THE TANK (pendek);0;0;;;;;;;;;;0;0;0;0;0;0;0;0;0;0;0;0;0;06/12/2024;
97;1;FILTER CARTRIDGE BIO X-METAL ME 20.AB7-SRH        FILTER DOMINICK HUNTER ME20 AB7-SRH;0;0;;;;;;;;;;0;0;0;0;0;0;0;0;0;0;0;0;0;06/12/2024;
98;1;FITTING NIPPLE ELBOW CAMOZZI 1/8 6M                                                                      NIPPLE FITTING ELBOW SS 1/8" 6MM;0;0;;;;;;;;;;0;0;0;0;0;0;0;0;0;0;0;0;0;06/12/2024;
99;1;FITTING NIPPLE ELBOW CAMOZZI 6MM M6 SS 304 DRAT    FITTING NIPPLE ELBOW CAMOZZI 6MM M6 SS 304 DRAT;0;0;;;;;;;;;;0;0;0;0;0;0;0;0;0;0;0;0;0;06/12/2024;
100;1;FLANGE PLUCKER SSK;0;0;;;;;;;;;;0;0;0;0;0;0;0;0;0;0;0;0;0;06/12/2024;
101;1;FLEXELEC FTSO KABEL HEATER 40W 230V AKO         FLEXELEC FTSO KABEL HEATER 40W 230V AKO;0;0;;;;;;;;;;0;0;0;0;0;0;0;0;0;0;0;0;0;06/12/2024;
102;1;FLOW CONTROL TURCK FCS-G1/2A4P-AP8-H1141                                                    TURCK FCS-G1/2A4P-AP8X-H1141;0;0;;;;;;;;;;0;0;0;0;0;0;0;0;0;0;0;0;0;06/12/2024;
103;1;GASKET 0.6MM FIRE BLUNGKET                          GASKET 0.6MM FIRE BLUNGKET;0;0;;;;;;;;;;0;0;0;0;0;0;0;0;0;0;0;0;0;06/12/2024;
104;1;"GASKET FERRULE 1,5 INCH                             GASKET FERRULE 1,5 INCH";0;0;;;;;;;;;;0;0;0;0;0;0;0;0;0;0;0;0;0;06/12/2024;
105;1;GASKET HITAM (KARET)    GASKET PHE S37 TIAN BA PHE EPDM HIGH TEMPERATUR HIGH 160;0;0;;;;;;;;;;0;0;0;0;0;0;0;0;0;0;0;0;0;06/12/2024;
106;1;"GASKET PUTIH            GASKET FERRULE 4,5#";0;0;;;;;;;;;;0;0;0;0;0;0;0;0;0;0;0;0;0;06/12/2024;
107;1;"GASKET SMS 1,5 INCH                        GASKET SMS 1,5 INCH";0;0;;;;;;;;;;0;0;0;0;0;0;0;0;0;0;0;0;0;06/12/2024;
108;1;GASKET SMS 2 INCH                         GASKET SMS 2 INCH;0;0;;;;;;;;;;0;0;0;0;0;0;0;0;0;0;0;0;0;06/12/2024;
109;1;GASKET SMS 4 INCH ( SILICONE )                     GASKET SMS 4 INCH ( SILICONE );0;0;;;;;;;;;;0;0;0;0;0;0;0;0;0;0;0;0;0;06/12/2024;
110;1;GEA ASEPTOMAG AG V-50 2200;0;0;;;;;;;;;;0;0;0;0;0;0;0;0;0;0;0;0;0;06/12/2024;
111;1;"GOOT SOLDER KX60; 60W; 220V JAPAN            GOOT SOLDER KX60; 60W; 220V JAPAN";0;0;;;;;;;;;;0;0;0;0;0;0;0;0;0;0;0;0;0;06/12/2024;
112;1;GRAJI BESI;0;0;;;;;;;;;;0;0;0;0;0;0;0;0;0;0;0;0;0;06/12/2024;
113;1;GS-P ZS/JB19008 220V & 1200W;0;0;;;;;;;;;;0;0;0;0;0;0;0;0;0;0;0;0;0;06/12/2024;
114;1;GUGO01042-O-RING D.34.6X1.78 NBR 70SH F/PW-C50 PIH             PVVR00985-HEADRING W151 F/PW-C50 PIH;0;0;;;;;;;;;;0;0;0;0;0;0;0;0;0;0;0;0;0;06/12/2024;
115;1;GUVR00981-PACKING W151 F/PW-C50 PIH             GUVR00981-PACKING W151 F/PW-C50 PIH;0;0;;;;;;;;;;0;0;0;0;0;0;0;0;0;0;0;0;0;06/12/2024;
116;1;GUVR34585-PACKING W151 L.P.F/PW-C50 D2771 PIH                       PVVR34589-INTERMED RING W151 D.20 F/PW-C50 D2771 PIH;0;0;;;;;;;;;;0;0;0;0;0;0;0;0;0;0;0;0;0;06/12/2024;
117;1;GUVR34587-PACKING D.20 RESTOP F/PW-C50 PIH                                      GUVR34587-PACKING D.20 RESTOP F/PW-C50 PIH;0;0;;;;;;;;;;0;0;0;0;0;0;0;0;0;0;0;0;0;06/12/2024;
118;1;HAND RIVETER ( JBAA2446 );0;0;;;;;;;;;;0;0;0;0;0;0;0;0;0;0;0;0;0;06/12/2024;
119;1;HAND SEALERS PFS-400 16IN 400X3MM 220V 600W                                        HAND SEALERS PFS-400 16IN 400X3MM 220V 600W;0;0;;;;;;;;;;0;0;0;0;0;0;0;0;0;0;0;0;0;06/12/2024;
120;1;HAND TOOLSET ORION TR-007-1          HAND TOOLSET ORION TR-007-1;0;0;;;;;;;;;;0;0;0;0;0;0;0;0;0;0;0;0;0;06/12/2024;
121;1;HANGER CURTAIN ACCESSORIES-HOOK 1.18M/PC ( XRSSR-304 )            HANGER CURTAIN ACCESSORIES-HOOK 1.18M/PC ( XRSSR-304 );0;0;;;;;;;;;;0;0;0;0;0;0;0;0;0;0;0;0;0;06/12/2024;
122;1;"HARRIS KAWAT LAS TEMBAGA TEBAL 1,5MM LEBAR 3,2MM PANJANG 450MM             HARRIS KAWAT LAS TEMBAGA 3,2MM";0;0;;;;;;;;;;0;0;0;0;0;0;0;0;0;0;0;0;0;06/12/2024;
123;1;"HD 5/11 CAGE KAP ( 019964, 019960 ) KARCHER            1.520-204.0";0;0;;;;;;;;;;0;0;0;0;0;0;0;0;0;0;0;0;0;06/12/2024;
124;1;"HD 7/11-4 *KAP ( 021963, 021944 ) KARCHER           1.367-305.0";0;0;;;;;;;;;;0;0;0;0;0;0;0;0;0;0;0;0;0;06/12/2024;
125;1;HEAVY DUTY ADJUSTABLE WRENCH 10IN ( AMAB3325 );0;0;;;;;;;;;;0;0;0;0;0;0;0;0;0;0;0;0;0;06/12/2024;
126;1;HEAVY DUTY ADJUSTABLE WRENCH 15IN ( AMAB5038 );0;0;;;;;;;;;;0;0;0;0;0;0;0;0;0;0;0;0;0;06/12/2024;
127;1;HEAVY DUTY ADJUSTABLE WRENCH 8IN ( AMAB2920 );0;0;;;;;;;;;;0;0;0;0;0;0;0;0;0;0;0;0;0;06/12/2024;
128;1;HEAVY DUTY HACKSAW 12IN ( SAAA3013 );0;0;;;;;;;;;;0;0;0;0;0;0;0;0;0;0;0;0;0;06/12/2024;
129;1;HITACHI 999067 CARBON BRUSH FOR MESIN GERINDA G10SS2                                                                    HITACHI 999067 CARBON BRUSH FOR MESIN GERINDA G10SS2;0;0;;;;;;;;;;0;0;0;0;0;0;0;0;0;0;0;0;0;06/12/2024;
130;1;HOULE 5 IK 120R-C2-GU-XG SPEED CONTROL MOTOR GEARBOX 120W 220V 1 PHASE-GEAR HEAD CONTROLLER 90X90X2 SHAFT:15MM        HOULE 5 IK 120R-C2-GU-XG SPEED CONTROL MOTOR GEARBOX ;0;0;;;;;;;;;;0;0;0;0;0;0;0;0;0;0;0;0;0;06/12/2024;
131;1;INTERNAL SNAPRING PLIER TEKIRO PL-SR0782 9IN              INTERNAL SNAPRING PLIER TEKIRO PL-SR0782 9IN;0;0;;;;;;;;;;0;0;0;0;0;0;0;0;0;0;0;0;0;06/12/2024;
132;1;ISHIDA 000-060-5239-16 PHOTOSENSOR BOARD PWB AS:P-5207:A             ISHIDA 000-060-5239-16 PHOTOSENSOR BOARD PWB AS:P-5207:A;0;0;;;;;;;;;;0;0;0;0;0;0;0;0;0;0;0;0;0;06/12/2024;
133;1;JET CLEANER NANKAI VAD 70BAR                          JET CLEANER NANKAI VAD 70BAR;0;0;;;;;;;;;;0;0;0;0;0;0;0;0;0;0;0;0;0;06/12/2024;
134;1;JORAN MATA BOR BETON 10MM       JORAN MATA BOR BETON 10MM;0;0;;;;;;;;;;0;0;0;0;0;0;0;0;0;0;0;0;0;06/12/2024;
135;1;KABEL BESAR HITAM;0;0;;;;;;;;;;0;0;0;0;0;0;0;0;0;0;0;0;0;06/12/2024;
136;1;KABEL HEATER CHEMELEX 50W 230V                                                                             KABEL HEATER CHEMELEX 50W 230V;0;0;;;;;;;;;;0;0;0;0;0;0;0;0;0;0;0;0;0;06/12/2024;
137;1;KABEL KEYENCE FS-N11N PHOTOELECTRIC SENSOR     KABEL KEYENCE FS-N11N PHOTOELECTRIC SENSOR;0;0;;;;;;;;;;0;0;0;0;0;0;0;0;0;0;0;0;0;06/12/2024;
138;1;"KABEL NYYHY 2X0.75MM (6X1,5MM_YG DIKRM/DI PROSES)        KABEL NYYHY 2X0.75MM";0;0;;;;;;;;;;0;0;0;0;0;0;0;0;0;0;0;0;0;06/12/2024;
139;1;KABEL NYYHY 4X0.75MM                                          KABEL NYYHY 4X0.75MM ;0;0;;;;;;;;;;0;0;0;0;0;0;0;0;0;0;0;0;0;06/12/2024;
140;1;KABEL SENSOR INFRARED;0;0;;;;;;;;;;0;0;0;0;0;0;0;0;0;0;0;0;0;06/12/2024;
141;1;KABEL SENSOR THERMOMETER BYGROMETER           KABEL SENSOR THERMOMETER BYGROMETER;0;0;;;;;;;;;;0;0;0;0;0;0;0;0;0;0;0;0;0;06/12/2024;
142;1;KARCHER HD 7/11 PRESSURE SWITCH COMPLETE ONLY FOR REPLACEMENT                                       KARCHER HD 7/11 PRESSURE SWITCH COMPLETE ONLY FOR REPLACEMENT;0;0;;;;;;;;;;0;0;0;0;0;0;0;0;0;0;0;0;0;06/12/2024;
143;1;KARET GASKET HITAM;0;0;;;;;;;;;;0;0;0;0;0;0;0;0;0;0;0;0;0;06/12/2024;
144;1;KARET GASKET MERAH;0;0;;;;;;;;;;0;0;0;0;0;0;0;0;0;0;0;0;0;06/12/2024;
145;1;KARET PUTIH KOTAK (1) BULAT (1);0;0;;;;;;;;;;0;0;0;0;0;0;0;0;0;0;0;0;0;06/12/2024;
146;1;KARET SEAL;0;0;;;;;;;;;;0;0;0;0;0;0;0;0;0;0;0;0;0;06/12/2024;
147;1;KARET SEAL BESAR;0;0;;;;;;;;;;0;0;0;0;0;0;0;0;0;0;0;0;0;06/12/2024;
148;1;KARET SEAL KECIL;0;0;;;;;;;;;;0;0;0;0;0;0;0;0;0;0;0;0;0;06/12/2024;
149;1;KARET TANGAN;0;0;;;;;;;;;;0;0;0;0;0;0;0;0;0;0;0;0;0;06/12/2024;
150;1;KARET/ GASKET BESAR (5) SEDANG (5) KECIL (5);0;0;;;;;;;;;;0;0;0;0;0;0;0;0;0;0;0;0;0;06/12/2024;
151;1;"KCM 40 HP 240 LINKS   (ROLLER CHAIN) RS40 HP (HOLO PIN)                          KCM HOLLOW PIN ROLLER CHAIN 40 HP PITCH 12.70, W.7.95, D.7.92";0;0;;;;;;;;;;0;0;0;0;0;0;0;0;0;0;0;0;0;06/12/2024;
152;1;KEB BRAKE RECTIFIER 02.91.020.CE.07                KEB BRAKE RECTIFIER 02.91.020.CE.07;0;0;;;;;;;;;;0;0;0;0;0;0;0;0;0;0;0;0;0;06/12/2024;
153;1;KECIL-KECIL PLASTIKAN KLIP       DOMINO PART KIT MICRO PUMP;0;0;;;;;;;;;;0;0;0;0;0;0;0;0;0;0;0;0;0;06/12/2024;
154;1;KERUCUT PUTIH  (membran) MEMBRAN SAMPLING VALVE TANGKY STORAGE 2          MEMBRAN SAMPLING VALVE TANGKI STORAGE 2;0;0;;;;;;;;;;0;0;0;0;0;0;0;0;0;0;0;0;0;06/12/2024;
155;1;KIT VALVE (6X) FPOS3-30 301002562                                                                             KIT VALVE (6X) FPOS3-30 301002562;0;0;;;;;;;;;;0;0;0;0;0;0;0;0;0;0;0;0;0;06/12/2024;
156;1;KITZ 10K-80 S14A 80 W3242 (1)         KITZ JOYNECK 10/150 XJMEA 80 (3)                  BUTTERFLY VALVE 3 INCH;0;0;;;;;;;;;;0;0;0;0;0;0;0;0;0;0;0;0;0;06/12/2024;
157;1;KL 2.0" 316L 0000152640 (BESI TABUNG );0;0;;;;;;;;;;0;0;0;0;0;0;0;0;0;0;0;0;0;06/12/2024;
158;1;KL PIPA L (SAMBUNGAN MELENGKUNG);0;0;;;;;;;;;;0;0;0;0;0;0;0;0;0;0;0;0;0;06/12/2024;
159;1;KL PIPA TERMINAL  (SAMBUNGAN T);0;0;;;;;;;;;;0;0;0;0;0;0;0;0;0;0;0;0;0;06/12/2024;
160;1;KOGAWEI AIR FILTER REGULATOR FR602-03-AW 0.05-0.08 MPA                                                                  KOGAWEI AIR FILTER REGULATOR FR602-03-AW 0.05-0.08 MPA;0;0;;;;;;;;;;0;0;0;0;0;0;0;0;0;0;0;0;0;06/12/2024;
161;1;KRAN ;0;0;;;;;;;;;;0;0;0;0;0;0;0;0;0;0;0;0;0;06/12/2024;
162;1;KRAN AIR INJAK 1/2IN               KRAN AIR INJAK 1/2IN;0;0;;;;;;;;;;0;0;0;0;0;0;0;0;0;0;0;0;0;06/12/2024;
163;1;KRAN AUTOMATIC SANITARY WARE   UCI KERAN AIR OTOMATIS NT-UCI 100 SENSOR INFRARED;0;0;;;;;;;;;;0;0;0;0;0;0;0;0;0;0;0;0;0;06/12/2024;
164;1;KTC BE3-075;0;0;;;;;;;;;;0;0;0;0;0;0;0;0;0;0;0;0;0;06/12/2024;
165;1;KUNINGAN KECIL        MISTING SPRYER 0.5X1IN FABRIKASI;0;0;;;;;;;;;;0;0;0;0;0;0;0;0;0;0;0;0;0;06/12/2024;
166;1;LAKBAN AIR 2" (FE KRAFT)     FE KRAFT PAPER GUMMED TAPE 2IN;0;0;;;;;;;;;;0;0;0;0;0;0;0;0;0;0;0;0;0;06/12/2024;
167;1;LAMPU KRISLITE 230 V 50W GU10 BASE MAIN VOLTAGE HALOGEN LAMP;0;0;;;;;;;;;;0;0;0;0;0;0;0;0;0;0;0;0;0;06/12/2024;
168;1;LEM SILICON TOP WHITE     LEM SILICON OWNER @300GR;0;0;;;;;;;;;;0;0;0;0;0;0;0;0;0;0;0;0;0;06/12/2024;
169;1;LIMIT SWITCH SAGINOMIYA             LIMIT SWITCH SAGINOMIYA;0;0;;;;;;;;;;0;0;0;0;0;0;0;0;0;0;0;0;0;06/12/2024;
170;1;LIQUID RUBBER SEALANT SPRAY SKY 15 HITAM 500ML             LIQUID RUBBER SEALANT SPRAY SKY 15 HITAM 500ML;0;0;;;;;;;;;;0;0;0;0;0;0;0;0;0;0;0;0;0;06/12/2024;
171;1;LOCKPIN     (PLASTIK 1 PACK ISI BESI)           PIN LOCK RACKING DEXION;0;0;;;;;;;;;;0;0;0;0;0;0;0;0;0;0;0;0;0;06/12/2024;
172;1;MAGNETIC FLOAT LEVEL FEEJOY FCI-S5-SA-C00-750MM -20 - 120° C       ( KUBLER_FLOAT LEVEL AFCVE-2 LEK10/TS-L75 );0;0;;;;;;;;;;0;0;0;0;0;0;0;0;0;0;0;0;0;06/12/2024;
173;1;MATA BOR PLONG HOLE SAW 25MM        MATA BOR PLONG HOLE SAW 25MM;0;0;;;;;;;;;;0;0;0;0;0;0;0;0;0;0;0;0;0;06/12/2024;
174;1;MECH.SEAL HJ92-40   CAR/SIC/VIT       MECH SEAL H392N EAGLE BRUGMANN;0;0;;;;;;;;;;0;0;0;0;0;0;0;0;0;0;0;0;0;06/12/2024;
175;1;MECHANICAL SEAL 551B-25MM CAR/SIC/VITON    MECHANICAL SEAL M37G;0;0;;;;;;;;;;0;0;0;0;0;0;0;0;0;0;0;0;0;06/12/2024;
176;1;MECHANICAL SEAL B-25 ;0;0;;;;;;;;;;0;0;0;0;0;0;0;0;0;0;0;0;0;06/12/2024;
177;1;MECHANICAL SEAL SG   sama dengan MECH. SEAL MSS 32 (A) SSC-SIC/EPDM;0;0;;;;;;;;;;0;0;0;0;0;0;0;0;0;0;0;0;0;06/12/2024;
178;1;MECHANICAL SEAL SIHI AS 43MM         MECHANICAL SEAL SIHI AS 43MM;0;0;;;;;;;;;;0;0;0;0;0;0;0;0;0;0;0;0;0;06/12/2024;
179;1;MECHANICAL SEAL SMT 32MM ( RDRM )           MECHSEAL RDRM-20 SS316;0;0;;;;;;;;;;0;0;0;0;0;0;0;0;0;0;0;0;0;06/12/2024;
180;1;MECHANICAL SEAL SMT 32MM MSS B SEAL         MECHSEAL MSS 32-B NISSIN;0;0;;;;;;;;;;0;0;0;0;0;0;0;0;0;0;0;0;0;06/12/2024;
181;1;MECHANICAL TIGER SEAL  ;0;0;;;;;;;;;;0;0;0;0;0;0;0;0;0;0;0;0;0;06/12/2024;
182;1;MECHSEAL BAC H16-03                 MECHSEAL BAC H16-03;0;0;;;;;;;;;;0;0;0;0;0;0;0;0;0;0;0;0;0;06/12/2024;
183;1;MEMBRANE DN50 PTFE/EPDM  (HITAM PUTIH KOTAK/IKAN PARI)     MEMBRANE DN50 PTFE/EPDM (DIAPHRAGN DN50);0;0;;;;;;;;;;0;0;0;0;0;0;0;0;0;0;0;0;0;06/12/2024;
184;1;MICROMETER ADJUSTABLE TORQUE WRENCH 535 L MM 1/2" DR TOPTUL;0;0;;;;;;;;;;0;0;0;0;0;0;0;0;0;0;0;0;0;06/12/2024;
185;1;MICROSWITCH CZ-7144 10A 250V AC;0;0;;;;;;;;;;0;0;0;0;0;0;0;0;0;0;0;0;0;06/12/2024;
186;1;MPVR 05953       ( CT-15 SQUEEZE )      SQUEEZE CT-15;0;0;;;;;;;;;;0;0;0;0;0;0;0;0;0;0;0;0;0;06/12/2024;
187;1;"NACHI MATA BOR 7,5MM              NACHI MATA BOR 7,5MM ";0;0;;;;;;;;;;0;0;0;0;0;0;0;0;0;0;0;0;0;06/12/2024;
188;1;NEPPLE GREASE 10MM                    NEPPLE GREASE 10MM;0;0;;;;;;;;;;0;0;0;0;0;0;0;0;0;0;0;0;0;06/12/2024;
189;1;NEPPLE GREASE 6MM                 NEPPLE GREASE 6MM;0;0;;;;;;;;;;0;0;0;0;0;0;0;0;0;0;0;0;0;06/12/2024;
190;1;NETWORK CABLE TESTER RJ45 AND RJ11;0;0;;;;;;;;;;0;0;0;0;0;0;0;0;0;0;0;0;0;06/12/2024;
191;1;NIKKEN CHAIN SS RS 40 SINGLE ( RANTAI 40-1 SS NIKKEN )   NIKKEN CHAIN SS RS 40 SINGLE;0;0;;;;;;;;;;0;0;0;0;0;0;0;0;0;0;0;0;0;06/12/2024;
192;1;NITTO ISOLASI HEATER         NITTO ISOLASI HEATER;0;0;;;;;;;;;;0;0;0;0;0;0;0;0;0;0;0;0;0;06/12/2024;
193;1;NITTO QUICK COUPLER 1/2"       NITTO QUICK COUPLER 1/2";0;0;;;;;;;;;;0;0;0;0;0;0;0;0;0;0;0;0;0;06/12/2024;
194;1;NON WOVEN (PROPAN GURINDA POLES 4IN X 10MM);0;0;;;;;;;;;;0;0;0;0;0;0;0;0;0;0;0;0;0;06/12/2024;
195;1;NOZZLE KUNINGAN 1/2IN        NOZZLE KUNINGAN 12IN;0;0;;;;;;;;;;0;0;0;0;0;0;0;0;0;0;0;0;0;06/12/2024;
196;1;NT 30/1 ME CLASSIC *CN ( 048623 ) KARCHER             1.428-569.0;0;0;;;;;;;;;;0;0;0;0;0;0;0;0;0;0;0;0;0;06/12/2024;
197;1;NT 40/1 AP L *EU ( 019747 ) KARCHER            1.148-321.0;0;0;;;;;;;;;;0;0;0;0;0;0;0;0;0;0;0;0;0;06/12/2024;
198;1;NT 48/1 *EU ( 066750 ) KARCHER            1.428-620.0;0;0;;;;;;;;;;0;0;0;0;0;0;0;0;0;0;0;0;0;06/12/2024;
199;1;NUT+BAUT RUBBER COUPLING FCL F2 64X17MM                                                        NUT+BAUT RUBBER COUPLING FCL F2 64X17MM;0;0;;;;;;;;;;0;0;0;0;0;0;0;0;0;0;0;0;0;06/12/2024;
200;1;OBENG DIN 5264 0.8X4X400 TOPTUL;0;0;;;;;;;;;;0;0;0;0;0;0;0;0;0;0;0;0;0;06/12/2024;
201;1;OIL SEAL 75X95X10 STAINLESS             OIL SEAL 75X95X10 STAINLESS;0;0;;;;;;;;;;0;0;0;0;0;0;0;0;0;0;0;0;0;06/12/2024;
202;1;OMRON Z-15GQ22-B 15A250V;0;0;;;;;;;;;;0;0;0;0;0;0;0;0;0;0;0;0;0;06/12/2024;
203;1;"PACKING KLINGERIT 1000 3MMX1,5MX2M          PACKING KLINGERIT 1000 3MMX1,5MX2M";0;0;;;;;;;;;;0;0;0;0;0;0;0;0;0;0;0;0;0;06/12/2024;
204;1;PACKING VALQUA 6502               VAQUA PACKING AMONIAK 1MM;0;0;;;;;;;;;;0;0;0;0;0;0;0;0;0;0;0;0;0;06/12/2024;
205;1;PAD HOLDER;0;0;;;;;;;;;;0;0;0;0;0;0;0;0;0;0;0;0;0;06/12/2024;
206;1;PAHAT BUBUT WIDYA 10X10X100MM EX. GERMANY                  PAHAT BUBUT WIDYA 10X10X100MM EX. GERMANY;0;0;;;;;;;;;;0;0;0;0;0;0;0;0;0;0;0;0;0;06/12/2024;
207;1;PENTAIR SUDMO ( MEMBRAN KIT SUDMO VALVE )     SPV ACTUATOR MEMBRAN KIT SUDMO VALVE (12.300.000) + DIAPHRAGM (P3) SUDMO = 27.580.000                               ADA 2 BRG;0;0;;;;;;;;;;0;0;0;0;0;0;0;0;0;0;0;0;0;06/12/2024;
208;1;PENTAIR SUDMO 2131736;0;0;;;;;;;;;;0;0;0;0;0;0;0;0;0;0;0;0;0;06/12/2024;
209;1;PHE SONDEX SL140TL-50-EE 25 BAR                          PHE 30 BARG;0;0;;;;;;;;;;0;0;0;0;0;0;0;0;0;0;0;0;0;06/12/2024;
210;1;PIPE WRENCH 12IN ( DDAB1A12 );0;0;;;;;;;;;;0;0;0;0;0;0;0;0;0;0;0;0;0;06/12/2024;
211;1;PIPE WRENCH 14IN ( DDAB1A14 );0;0;;;;;;;;;;0;0;0;0;0;0;0;0;0;0;0;0;0;06/12/2024;
212;1;PIPE WRENCH 18IN ( DDAB1A18 );0;0;;;;;;;;;;0;0;0;0;0;0;0;0;0;0;0;0;0;06/12/2024;
213;1;PISTON SEAL KIT IPH 31000343 FPOS3-30                                                                  PISTON SEAL KIT IPH 31000343 FPOS3-30;0;0;;;;;;;;;;0;0;0;0;0;0;0;0;0;0;0;0;0;06/12/2024;
214;1;PLASTIK TIRAI POLAR TRANSPARENT LIGHT BLUE/POLOS 30MM X 3MM X 50M;0;0;;;;;;;;;;0;0;0;0;0;0;0;0;0;0;0;0;0;06/12/2024;
215;1;POWER METER                         POWER METER;0;0;;;;;;;;;;0;0;0;0;0;0;0;0;0;0;0;0;0;06/12/2024;
216;1;POWER NOZZLE              KARCHER POWER NOZZLE 25050 2.883-399.0;0;0;;;;;;;;;;0;0;0;0;0;0;0;0;0;0;0;0;0;06/12/2024;
217;1;PRESSURE GAUGE GMT PRO 100MM 0-10 BAR    GMT PRESSURE GAUGE 4IN 0-10BAR BOTTOM 1/2IN ;0;0;;;;;;;;;;0;0;0;0;0;0;0;0;0;0;0;0;0;06/12/2024;
218;1;PRESSURE GAUGE RANSBURG MPA BAR EN 837-1 VACUM GAUGE               PRESSURE GAUGE 0-10 BAR MEMBRAN 2IN    (ransburg)            ;0;0;;;;;;;;;;0;0;0;0;0;0;0;0;0;0;0;0;0;06/12/2024;
219;1;PRESSURE REGULATOR CAMOZZI MC238-D13                                                             PRESSURE REGULATOR CAMOZZI MC238-D13;0;0;;;;;;;;;;0;0;0;0;0;0;0;0;0;0;0;0;0;06/12/2024;
220;1;PROBE PH ELECTRODE LE438        PROBE PH ELECTRODE LE438;0;0;;;;;;;;;;0;0;0;0;0;0;0;0;0;0;0;0;0;06/12/2024;
221;1;PROXIMITY SENSOR IFT 203           PROXIMITY SENSOR IFT 203;0;0;;;;;;;;;;0;0;0;0;0;0;0;0;0;0;0;0;0;06/12/2024;
222;1;"PSI MPA (°C) 1,6";0;0;;;;;;;;;;0;0;0;0;0;0;0;0;0;0;0;0;0;06/12/2024;
223;1;PULS (POWER SUPPLY) SL5.300 IN3AC 400-500V OUT DC 24-28V;0;0;;;;;;;;;;0;0;0;0;0;0;0;0;0;0;0;0;0;06/12/2024;
224;1;PUNYA TURCK ( CONNECTOR SENSOR PROXIMITY );0;0;;;;;;;;;;0;0;0;0;0;0;0;0;0;0;0;0;0;06/12/2024;
225;1;PVC CURTAIN-ANTI INSECT YELLOW 200MMX2MMX50M ( XR-PEC-YAI2022 )   TIRAI PVC ANTI INSECT 200MMX2MMX50M ( YELLOW );0;0;;;;;;;;;;0;0;0;0;0;0;0;0;0;0;0;0;0;06/12/2024;
226;1;PVC CURTAIN-ANTI INSECT YELLOW 300MMX2MMX50M ( XR-PEC-YAI3003 )  TIRAI PVC ANTI INSECT 300MMX2MMX50M ( YELLOW );0;0;;;;;;;;;;0;0;0;0;0;0;0;0;0;0;0;0;0;06/12/2024;
227;1;PVC CURTAIN-POLAR CLEAR 200MMX2MMX50M ( XRPEC-L2002 )  TIRAI PVC POLAR GRADE 200MMX2MMX50M ( BLUE );0;0;;;;;;;;;;0;0;0;0;0;0;0;0;0;0;0;0;0;06/12/2024;
228;1;PVC CURTAIN-POLAR CLEAR 300MMX3MMX50M ( XRPEC-L3003 )  TIRAI PVC POLAR GRADE 300MMX3MMX50M ( BLUE );0;0;;;;;;;;;;0;0;0;0;0;0;0;0;0;0;0;0;0;06/12/2024;
229;1;PVC CURTAIN-POLAR CLEAR RIBBED 300MMX3MMX50M ( XRPER-L3003 )          TIRAI PVC RIBS POLAR GRADE 300MMX3MMX50M;0;0;;;;;;;;;;0;0;0;0;0;0;0;0;0;0;0;0;0;06/12/2024;
230;1;PVC CURTAIN-STANDART CLEAR 200MMX2MMX50M ( XRPEC2002 ) TIRAI PVC STANDART TRANSPARENT GRADE 200MMX2MMX50M;0;0;;;;;;;;;;0;0;0;0;0;0;0;0;0;0;0;0;0;06/12/2024;
231;1;PVC CURTAIN-STANDART CLEAR 300MMX3MMX50M ( XRPEC3033 )  TIRAI PVC STANDART TRANSPARENT GRADE 300MMX3MMX50M;0;0;;;;;;;;;;0;0;0;0;0;0;0;0;0;0;0;0;0;06/12/2024;
232;1;PVC STRIP CURTAIN ANTI INSECT YELLOW GRADE SURFACE SMOOTH 3MM X 300MM X 50M;0;0;;;;;;;;;;0;0;0;0;0;0;0;0;0;0;0;0;0;06/12/2024;
233;1;PVC STRIP CURTAIN POLAR GRADE SURFACE SMOOTH 2MM X 200MM X 50M    ( sama dgn yg di bengkel );0;0;;;;;;;;;;0;0;0;0;0;0;0;0;0;0;0;0;0;06/12/2024;
234;1;PVC STRIP CURTAIN POLAR GRADE SURFACE SMOOTH 3MM X 300MM X 50M;0;0;;;;;;;;;;0;0;0;0;0;0;0;0;0;0;0;0;0;06/12/2024;
235;1;PVC STRIP CURTAIN STANDART YELLOW-ANTI INSECT 3MMX30CMX50M;0;0;;;;;;;;;;0;0;0;0;0;0;0;0;0;0;0;0;0;06/12/2024;
236;1;PVC STRIP POLAR TRANSPARENT LIGHT BLUE 300MM X 3MM X 50M BERTULANG DOUBLE RIBBED;0;0;;;;;;;;;;0;0;0;0;0;0;0;0;0;0;0;0;0;06/12/2024;
237;1;RAMSET CHEMSET INJECTION SYSTEM EPCON G5;0;0;;;;;;;;;;0;0;0;0;0;0;0;0;0;0;0;0;0;06/12/2024;
238;1;RANSBURG 4IN X 0-16KG BOTTOM.C FSS 1/2"       RANSBURG RACKET EN837-1 PRESSURE GAUGE WITH FLUID DIA 4IN ;0;0;;;;;;;;;;0;0;0;0;0;0;0;0;0;0;0;0;0;06/12/2024;
239;1;RANSBURG PRESSURE GAUGE 0-25 BAR MEMBRAN 2IN SS     PRESSURE GAUGE 0-25 BAR MEMBRAN 2IN SS;0;0;;;;;;;;;;0;0;0;0;0;0;0;0;0;0;0;0;0;06/12/2024;
240;1;"RANSBURG PRESSURE VACUM -0,1 -0MPA      RANSBURG PRESSURE VACUM -0,1 -0MPA";0;0;;;;;;;;;;0;0;0;0;0;0;0;0;0;0;0;0;0;06/12/2024;
241;1;REGO LV4403B66 REGULATOR HEATER 3/4IN F.NPT           REGO LV4403B66 REGULATOR HEATER 3/4IN F.NPT;0;0;;;;;;;;;;0;0;0;0;0;0;0;0;0;0;0;0;0;06/12/2024;
242;1;ROD END BEARINGS ASB BESAR;0;0;;;;;;;;;;0;0;0;0;0;0;0;0;0;0;0;0;0;06/12/2024;
243;1;ROD END BEARINGS ASB KECIL;0;0;;;;;;;;;;0;0;0;0;0;0;0;0;0;0;0;0;0;06/12/2024;
244;1;RODA RUBET CA 451;0;0;;;;;;;;;;0;0;0;0;0;0;0;0;0;0;0;0;0;06/12/2024;
245;1;RODA TROLY 3" ( PO SGF RTE 6  )      RODA TROLY 3" ( PO SGF RTE 6  );0;0;;;;;;;;;;0;0;0;0;0;0;0;0;0;0;0;0;0;06/12/2024;
246;1;SAFE GUARD;0;0;;;;;;;;;;0;0;0;0;0;0;0;0;0;0;0;0;0;06/12/2024;
247;1;SAKLAR ON/OFF GERINDA MAKTEC MT954         SAKLAR ON/OFF GERINDA MAKTEC MT954;0;0;;;;;;;;;;0;0;0;0;0;0;0;0;0;0;0;0;0;06/12/2024;
248;1;SAKURA FUEL FILTER FC1104      SAKURA FUEL FILTER FC1104;0;0;;;;;;;;;;0;0;0;0;0;0;0;0;0;0;0;0;0;06/12/2024;
249;1;SAKURA OIL FILTER C1154                 SAKURA OIL FILTER C1154;0;0;;;;;;;;;;0;0;0;0;0;0;0;0;0;0;0;0;0;06/12/2024;
250;1;SAMBUNGAN KUNINGAN      gabungan thermometer DTM no. 11;0;0;;;;;;;;;;0;0;0;0;0;0;0;0;0;0;0;0;0;06/12/2024;
251;1;SANCHIN POWER SPRAYER (SEAL KIT) SC-45/SCN-45      SANCHIN SEAL SPRAYER SC45;0;0;;;;;;;;;;0;0;0;0;0;0;0;0;0;0;0;0;0;06/12/2024;
252;1;SANDFLEX MATA GERGAJI 12IN 18TPI              SANDFLEX MATA GERGAJI 12IN 18TPI;0;0;;;;;;;;;;0;0;0;0;0;0;0;0;0;0;0;0;0;06/12/2024;
253;1;SANKYO BALL VALVE STEAM 1 IN DRAT DALAM            SANKYO BALL VALVE STEAM 1 IN DRAT DALAM;0;0;;;;;;;;;;0;0;0;0;0;0;0;0;0;0;0;0;0;06/12/2024;
254;1;SANYOU SLC-S-112DM-03;0;0;;;;;;;;;;0;0;0;0;0;0;0;0;0;0;0;0;0;06/12/2024;
255;1;SCREEN ENDOSCOPE;0;0;;;;;;;;;;0;0;0;0;0;0;0;0;0;0;0;0;0;06/12/2024;
256;1;SCREW CONNECTOR PART 5.401-210.0                                                                      SCREW CONNECTOR PART 5.401-210.0                                                  ;0;0;;;;;;;;;;0;0;0;0;0;0;0;0;0;0;0;0;0;06/12/2024;
257;1;SCREWDRIVER TEKIRO TPR GO THRU SET @7PCS        SCREWDRIVER TEKIRO TPR GO THRU SET @7PCS;0;0;;;;;;;;;;0;0;0;0;0;0;0;0;0;0;0;0;0;06/12/2024;
258;1;SCRUBBER AND POLISHER 17 154RPM 1100W MERK KRISBOW;0;0;;;;;;;;;;0;0;0;0;0;0;0;0;0;0;0;0;0;06/12/2024;
259;1;SEDEL SEPEDA;0;0;;;;;;;;;;0;0;0;0;0;0;0;0;0;0;0;0;0;06/12/2024;
260;1;SELANG 6MM TEFLON ( TUBING CAMOZZI CM-TRN 6/4 CLEAR )                   SELANG 6MM TEFLON;0;0;;;;;;;;;;0;0;0;0;0;0;0;0;0;0;0;0;0;06/12/2024;
261;1;SELANG 8MM TEFLON ( TUBING CAMOZZI CM-TRN 8/6 CLEAR )             SELANG 8MM TEFLON;0;0;;;;;;;;;;0;0;0;0;0;0;0;0;0;0;0;0;0;06/12/2024;
262;1;SELANG BESI KECIL;0;0;;;;;;;;;;0;0;0;0;0;0;0;0;0;0;0;0;0;06/12/2024;
263;1;SELANG BESI YULAG 50CM;0;0;;;;;;;;;;0;0;0;0;0;0;0;0;0;0;0;0;0;06/12/2024;
264;1;SELANG HIJAU;0;0;;;;;;;;;;0;0;0;0;0;0;0;0;0;0;0;0;0;06/12/2024;
265;1;SELANG HOSE HIGH PRESSURE JET CLEANER FOR LAKONI LAGUNA @20M                                              SELANG HOSE HIGH PRESSURE JET CLEANER FOR LAKONI LAGUNA @20M;0;0;;;;;;;;;;0;0;0;0;0;0;0;0;0;0;0;0;0;06/12/2024;
266;1;SELENOID DP-10 32A RV9         SELENOID DP-10 32A RV9;0;0;;;;;;;;;;0;0;0;0;0;0;0;0;0;0;0;0;0;06/12/2024;
267;1;SELENOID VALVE FORSTONE TIPE 2S2-25 SS      SELENOID VALVE FORSTONE TIPE 2S2-25 SS;0;0;;;;;;;;;;0;0;0;0;0;0;0;0;0;0;0;0;0;06/12/2024;
268;1;SENSOR FLOW TURCK FCS G1 2A4                      SENSOR FLOW TURCK FCS G1 2A4;0;0;;;;;;;;;;0;0;0;0;0;0;0;0;0;0;0;0;0;06/12/2024;
269;1;SENSOR KRAN WASTAFEL;0;0;;;;;;;;;;0;0;0;0;0;0;0;0;0;0;0;0;0;06/12/2024;
270;1;SENSOR TF45-11-A-1A          SENSOR TF45-11-A-1A;0;0;;;;;;;;;;0;0;0;0;0;0;0;0;0;0;0;0;0;06/12/2024;
271;1;SIEMENS ANALOG INPUT 6ES7 331-7KF02-0AB0 SIMATIC S7-300;0;0;;;;;;;;;;0;0;0;0;0;0;0;0;0;0;0;0;0;06/12/2024;
272;1;SIEMENS FUSE 3NE3 230-0B VDE 0636 315A 1000VAC 50KA           SIEMENS FUSE 3NE3 230-0B VDE 0636 315A 1000VAC 50KA;0;0;;;;;;;;;;0;0;0;0;0;0;0;0;0;0;0;0;0;06/12/2024;
273;1;SIEMENS SIRIUS 3RT 2017-1AV07;0;0;;;;;;;;;;0;0;0;0;0;0;0;0;0;0;0;0;0;06/12/2024;
274;1;SIGN GLASS ( FIBERGLASS ) P 150 CM          SIGN GLASS ( FIBERGLASS ) P 150 CM;0;0;;;;;;;;;;0;0;0;0;0;0;0;0;0;0;0;0;0;06/12/2024;
275;1;SINGLE DISC POLISHER ECNOVAC;0;0;;;;;;;;;;0;0;0;0;0;0;0;0;0;0;0;0;0;06/12/2024;
276;1;SINO-HOLDING SH-M7N/G60-65MM (SEAL) SS316 BESAR;0;0;;;;;;;;;;0;0;0;0;0;0;0;0;0;0;0;0;0;06/12/2024;
277;1;SINO-HOLDING SH-N1-32P/SS316L (SEAL) MSS KECIL                                            ( MECHANICAL SEAL SG )   MECH. SEAL MSS 32 (A) SSC-SIC/EPDM;0;0;;;;;;;;;;0;0;0;0;0;0;0;0;0;0;0;0;0;06/12/2024;
278;1;SOCKET AZBIL;0;0;;;;;;;;;;0;0;0;0;0;0;0;0;0;0;0;0;0;06/12/2024;
279;1;SPIRAX SARCO 15-20;0;0;;;;;;;;;;0;0;0;0;0;0;0;0;0;0;0;0;0;06/12/2024;
280;1;SPIRAX SARCO 25-32;0;0;;;;;;;;;;0;0;0;0;0;0;0;0;0;0;0;0;0;06/12/2024;
281;1;SPIT WATER 10-120 C;0;0;;;;;;;;;;0;0;0;0;0;0;0;0;0;0;0;0;0;06/12/2024;
282;1;SQUEEZE PAD CT30                          SQUEEZE PAD CT30;0;0;;;;;;;;;;0;0;0;0;0;0;0;0;0;0;0;0;0;06/12/2024;
283;1;STAR KEY WRENCH SET TOPTUL 9PC EXTRA LONG - SHORT ARM STAR KEY END ( GAAL0923 );0;0;;;;;;;;;;0;0;0;0;0;0;0;0;0;0;0;0;0;06/12/2024;
284;1;STEEL BENCH VISE TOPTUL 5IN ALL CAST ( DJAC0105 );0;0;;;;;;;;;;0;0;0;0;0;0;0;0;0;0;0;0;0;06/12/2024;
285;1;STEGO THERMOSTAT KTS-011     STEGO THERMOSTAT KTS-011;0;0;;;;;;;;;;0;0;0;0;0;0;0;0;0;0;0;0;0;06/12/2024;
286;1;TANG RIVET TEKIRO GT-HR1231         TANG RIVET TEKIRO GT-HR1231;0;0;;;;;;;;;;0;0;0;0;0;0;0;0;0;0;0;0;0;06/12/2024;
287;1;TBFX 01685 VHA;0;0;;;;;;;;;;0;0;0;0;0;0;0;0;0;0;0;0;0;06/12/2024;
288;1;TECHNOTRANS FLUIDOS 100-10001/N;0;0;;;;;;;;;;0;0;0;0;0;0;0;0;0;0;0;0;0;06/12/2024;
289;1;TEFLON SEALING BELT UK.1120X15MMX0.2MM HUALIAN MANUAL BELT SEALER 1MMX15X38CMF FOR HUALIAN 770111;0;0;;;;;;;;;;0;0;0;0;0;0;0;0;0;0;0;0;0;06/12/2024;
290;1;TEMPERATURE PROBE PT100 RTD SENSOR CABLE 2M 50-400C   TEMPERATURE PROBE PT100 RTD SENSOR CABLE 2M 50-400C;0;0;;;;;;;;;;0;0;0;0;0;0;0;0;0;0;0;0;0;06/12/2024;
291;1;TEMPERATURMESSTECHNIK DRUCK-UND 230 PSI 1/4" NPT RANSBURG        PRESSURE GAUGE 0-15 MEMBRAN 2" SS;0;0;;;;;;;;;;0;0;0;0;0;0;0;0;0;0;0;0;0;06/12/2024;
292;1;THERMO SENSE 4IN X 0-200°C PAYUNG              SENSE DIAL THERMOMETER 4IN 0-200DEG C DIAMETER DRAT 1/2IN;0;0;;;;;;;;;;0;0;0;0;0;0;0;0;0;0;0;0;0;06/12/2024;
293;1;THERMOMETER DTM-481 150MM         & BATU ABC KECIL                                                         THERMOMETER SUHU ANALOG DIGITAL_DTM(UHT) atau  THERMOMETER RETORT WSS-403 (RTE)               harga beda;0;0;;;;;;;;;;0;0;0;0;0;0;0;0;0;0;0;0;0;06/12/2024;
294;1;TIRAI ANTI-INSECT TRANSPARENT ORANGE YELLOW 200MMX2MMX50M;0;0;;;;;;;;;;0;0;0;0;0;0;0;0;0;0;0;0;0;06/12/2024;
295;1;TIRAI POLAR TRANSPARENT LIGHT BLUE 200MMX200MMX2MMX50M          (2)                  PLASTIK TIRAI PVC SUPER POLAR CLEAR 20CM X 2MM;0;0;;;;;;;;;;0;0;0;0;0;0;0;0;0;0;0;0;0;06/12/2024;
296;1;TIRAI STANDART TRANSPARENT BLUE 200MMX2MMX50M                                         (1);0;0;;;;;;;;;;0;0;0;0;0;0;0;0;0;0;0;0;0;06/12/2024;
297;1;TIRAI STANDART TRANSPARENT NATURE 200MMX2MMX50M;0;0;;;;;;;;;;0;0;0;0;0;0;0;0;0;0;0;0;0;06/12/2024;
298;1;TONGKAT BESI;0;0;;;;;;;;;;0;0;0;0;0;0;0;0;0;0;0;0;0;06/12/2024;
299;1;TOP 020955;0;0;;;;;;;;;;0;0;0;0;0;0;0;0;0;0;0;0;0;06/12/2024;
300;1;TOPTUL DAAS 1 A06 CR-MO CR-V;0;0;;;;;;;;;;0;0;0;0;0;0;0;0;0;0;0;0;0;06/12/2024;
301;1;"TOSEN VALVE 2,5#                        TOSEN VALVE 2,5#";0;0;;;;;;;;;;0;0;0;0;0;0;0;0;0;0;0;0;0;06/12/2024;
302;1;TOUCHLESS AUTOMATIC SOAP DISPENSER;0;0;;;;;;;;;;0;0;0;0;0;0;0;0;0;0;0;0;0;06/12/2024;
303;1;TOZEN RUBBER FLEXIBLE JOINT 3INX240MM DOUBLE BELLOW                              TOZEN RUBBER FLEXIBLE JOINT 3INX240MM DOUBLE BELLOW;0;0;;;;;;;;;;0;0;0;0;0;0;0;0;0;0;0;0;0;06/12/2024;
304;1;TRANSMISSION ROLLER CHAIN SENQCIA 50 10FT (3.048 M) 50-304 RS 50;0;0;;;;;;;;;;0;0;0;0;0;0;0;0;0;0;0;0;0;06/12/2024;
305;1;TUBE SUCTION CT30          TUBE SUCTION CT30;0;0;;;;;;;;;;0;0;0;0;0;0;0;0;0;0;0;0;0;06/12/2024;
306;1;TURCK FCS-G1/MK96-VP01                 TURCK FCS-G1/MK96-VP01;0;0;;;;;;;;;;0;0;0;0;0;0;0;0;0;0;0;0;0;06/12/2024;
307;1;UNIVER AG 3051;0;0;;;;;;;;;;0;0;0;0;0;0;0;0;0;0;0;0;0;06/12/2024;
308;1;VACUUM VALCO;0;0;;;;;;;;;;0;0;0;0;0;0;0;0;0;0;0;0;0;06/12/2024;
309;1;VALVOLA YORK 1/2" DZ.12           YORK TUSEN KLEP KUNINGAN 1/2 IN;0;0;;;;;;;;;;0;0;0;0;0;0;0;0;0;0;0;0;0;06/12/2024;
310;1;VUVG-B10-T32C-AZT-F-1T1L;0;0;;;;;;;;;;0;0;0;0;0;0;0;0;0;0;0;0;0;06/12/2024;
311;1;WATER METER AMICO 3/4IN LXSG-15E      WATER METER AMICO 3/4IN LXSG-15E;0;0;;;;;;;;;;0;0;0;0;0;0;0;0;0;0;0;0;0;06/12/2024;
312;1;WEIDMULLER ASK 1              BLOCK FUSE ASK 1 6.3A;0;0;;;;;;;;;;0;0;0;0;0;0;0;0;0;0;0;0;0;06/12/2024;
313;1;"WERBROCK H-C PRESSURE GAUGE 4"" BOTTOM 150 PSI 1/2"" NPT           WIEBROCK PRESSURE GAUGE SS 4IN, 0-10 BAR, CONNECTION BOTTOM KUNINGAN";0;0;;;;;;;;;;0;0;0;0;0;0;0;0;0;0;0;0;0;06/12/2024;
314;1;WIKA GERMANY (°C);0;0;;;;;;;;;;0;0;0;0;0;0;0;0;0;0;0;0;0;06/12/2024;
315;1;WIKA PRESS GAUGE 4IN0-16KG/CM1 1/2IN BOTTOM CONNECTION EX GERMAN (TOKPED) WIKA PRESS GAUGE 4IN0-16KG/CM1 1/2IN BOTTOM CONNECTION EX GERMAN;0;0;;;;;;;;;;0;0;0;0;0;0;0;0;0;0;0;0;0;06/12/2024;
316;1;WIKA PRESSURE GAUGE SS 4IN 0-16BAR BOTTOM CONNECTION      WIKA PRESSURE GAUGE SS 4IN 0-16BAR BOTTOM CONNECTION  ;0;0;;;;;;;;;;0;0;0;0;0;0;0;0;0;0;0;0;0;06/12/2024;
317;1;WIKA THERMOMETER D 4" 0-300 DRAT 1/2NPT D.STIK 6MM P.TIK 10CM (tokped serba gauge)              WIKA THERMOMETER MODEL RAKET 1/2IN X 10CM 0-300 C;0;0;;;;;;;;;;0;0;0;0;0;0;0;0;0;0;0;0;0;06/12/2024;
318;1;WILDEN DOVER;0;0;;;;;;;;;;0;0;0;0;0;0;0;0;0;0;0;0;0;06/12/2024;
319;1;"WIRE BRUSH 1,5M SS316                     WIRE BRUSH 1,5M SS316";0;0;;;;;;;;;;0;0;0;0;0;0;0;0;0;0;0;0;0;06/12/2024;
320;1;YUANAN SUS 304 25.4 1811;0;0;;;;;;;;;;0;0;0;0;0;0;0;0;0;0;0;0;0;06/12/2024;
